,x,y,z
2,-38.224953,4.6812068e-15,2.554304
5,-37.64423,6.6376934,2.554304
8,-37.64423,-6.6376934,2.554304
13,-35.919704,-13.073704,2.554304
33,-33.10378,19.112476,2.554304
35,-35.919704,13.073704,2.554304
37,-33.10378,-19.112476,2.554304
56,-29.282013,24.570526,2.554304
59,-29.282013,-24.570526,2.554304
81,-24.570526,29.282013,2.554304
83,-24.570526,-29.282013,2.554304
104,-19.112476,33.10378,2.554304
105,-19.112476,-33.10378,2.554304
127,-13.073704,35.919704,2.554304
130,-13.073704,-35.919704,2.554304
171,-6.6376934,37.64423,2.554304
175,-6.6376934,-37.64423,2.554304
196,-7.02181e-15,-38.224953,2.554304
217,2.3406034e-15,38.224953,2.554304
240,6.6376934,37.64423,2.554304
263,6.6376934,-37.64423,2.554304
265,13.073704,-35.919704,2.554304
285,13.073704,35.919704,2.554304
307,19.112476,33.10378,2.554304
309,19.112476,-33.10378,2.554304
330,24.570526,-29.282013,2.554304
346,24.570526,29.282013,2.554304
365,29.282013,24.570526,2.554304
367,29.282013,-24.570526,2.554304
383,33.10378,-19.112476,2.554304
396,33.10378,19.112476,2.554304
397,35.919704,-13.073704,2.554304
403,37.64423,6.6376934,2.554304
404,35.919704,13.073704,2.554304
405,37.64423,-6.6376934,2.554304
406,38.224953,-9.3624136e-15,2.554304
407,35.8697,-8.7855435e-15,5.943524
408,35.32476,-6.2287087,5.943524
409,35.32476,6.2287087,5.943524
410,33.706493,12.268161,5.943524
411,31.064074,17.93485,5.943524
412,27.477787,23.0566,5.943524
413,23.0566,27.477787,5.943524
414,17.93485,31.064074,5.943524
415,12.268161,33.706493,5.943524
416,6.2287087,35.32476,5.943524
417,2.1963859e-15,35.8697,5.943524
418,-6.2287087,35.32476,5.943524
419,-12.268161,33.706493,5.943524
420,-17.93485,31.064074,5.943524
421,-23.0566,27.477787,5.943524
422,-27.477787,23.0566,5.943524
423,-31.064074,17.93485,5.943524
424,-33.706493,12.268161,5.943524
425,-35.32476,6.2287087,5.943524
426,-35.8697,4.3927717e-15,5.943524
427,-33.00529,5.8197236,9.332745
428,-33.514454,4.1043367e-15,9.332745
429,-35.32476,-6.2287087,5.943524
430,33.514454,-8.208673e-15,9.332745
431,33.00529,-5.8197236,9.332745
432,33.00529,5.8197236,9.332745
433,31.493284,11.462618,9.332745
434,29.024366,16.757227,9.332745
435,25.67356,21.542675,9.332745
436,21.542675,25.67356,9.332745
437,16.757227,29.024366,9.332745
438,11.462618,31.493284,9.332745
439,5.8197236,33.00529,9.332745
440,2.0521683e-15,33.514454,9.332745
441,-5.8197236,33.00529,9.332745
442,-11.462618,31.493284,9.332745
443,-16.757227,29.024366,9.332745
444,-21.542675,25.67356,9.332745
445,-25.67356,21.542675,9.332745
446,-29.024366,16.757227,9.332745
447,-31.493284,11.462618,9.332745
448,-30.685823,5.4107385,12.721964
449,-31.159203,3.8159016e-15,12.721964
450,-33.00529,-5.8197236,9.332745
451,31.159203,-7.631803e-15,12.721964
452,30.685823,-5.4107385,12.721964
453,30.685823,5.4107385,12.721964
454,29.280073,10.657075,12.721964
455,26.984661,15.579601,12.721964
456,23.869333,20.02875,12.721964
457,20.02875,23.869333,12.721964
458,15.579601,26.984661,12.721964
459,10.657075,29.280073,12.721964
460,5.4107385,30.685823,12.721964
461,1.9079508e-15,31.159203,12.721964
462,-5.4107385,30.685823,12.721964
463,-10.657075,29.280073,12.721964
464,-15.579601,26.984661,12.721964
465,-20.02875,23.869333,12.721964
466,-23.869333,20.02875,12.721964
467,-26.984661,15.579601,12.721964
468,-29.280073,10.657075,12.721964
469,-28.366356,5.001754,16.111185
470,-28.803951,3.5274668e-15,16.111185
471,-30.685823,-5.4107385,12.721964
472,28.803951,-7.0549336e-15,16.111185
473,28.366356,-5.001754,16.111185
474,28.366356,5.001754,16.111185
475,27.06686,9.851532,16.111185
476,24.944954,14.401976,16.111185
477,22.065107,18.514824,16.111185
478,18.514824,22.065107,16.111185
479,14.401976,24.944954,16.111185
480,9.851532,27.06686,16.111185
481,5.001754,28.366356,16.111185
482,1.7637334e-15,28.803951,16.111185
483,-5.001754,28.366356,16.111185
484,-9.851532,27.06686,16.111185
485,-14.401976,24.944954,16.111185
486,-18.514824,22.065107,16.111185
487,-22.065107,18.514824,16.111185
488,-24.944954,14.401976,16.111185
489,-27.06686,9.851532,16.111185
490,-26.046886,4.5927687,19.500404
491,-26.448702,3.2390318e-15,19.500404
492,-28.366356,-5.001754,16.111185
493,26.448702,-6.4780635e-15,19.500404
494,26.046886,-4.5927687,19.500404
495,26.046886,4.5927687,19.500404
496,24.85365,9.045989,19.500404
497,22.905247,13.224351,19.500404
498,20.260881,17.000898,19.500404
499,17.000898,20.260881,19.500404
500,13.224351,22.905247,19.500404
501,9.045989,24.85365,19.500404
502,4.5927687,26.046886,19.500404
503,1.6195159e-15,26.448702,19.500404
504,-4.5927687,26.046886,19.500404
505,-9.045989,24.85365,19.500404
506,-13.224351,22.905247,19.500404
507,-17.000898,20.260881,19.500404
508,-20.260881,17.000898,19.500404
509,-22.905247,13.224351,19.500404
510,-24.85365,9.045989,19.500404
511,-23.727417,4.183784,22.889626
512,-24.09345,2.950597e-15,22.889626
513,-26.046886,-4.5927687,19.500404
514,24.09345,-5.901194e-15,22.889626
515,23.727417,-4.183784,22.889626
516,23.727417,4.183784,22.889626
517,22.640438,8.240446,22.889626
518,20.865541,12.046725,22.889626
519,18.456656,15.486972,22.889626
520,15.486972,18.456656,22.889626
521,12.046725,20.865541,22.889626
522,8.240446,22.640438,22.889626
523,4.183784,23.727417,22.889626
524,1.4752985e-15,24.09345,22.889626
525,-4.183784,23.727417,22.889626
526,-8.240446,22.640438,22.889626
527,-12.046725,20.865541,22.889626
528,-15.486972,18.456656,22.889626
529,-18.456656,15.486972,22.889626
530,-20.865541,12.046725,22.889626
531,-22.640438,8.240446,22.889626
532,-21.40795,3.774799,26.278845
533,-21.738201,2.6621619e-15,26.278845
534,-23.727417,-4.183784,22.889626
535,21.738201,-5.3243237e-15,26.278845
536,21.40795,-3.774799,26.278845
537,21.40795,3.774799,26.278845
538,20.427227,7.4349027,26.278845
539,18.825834,10.869101,26.278845
540,16.652428,13.973046,26.278845
541,13.973046,16.652428,26.278845
542,10.869101,18.825834,26.278845
543,7.4349027,20.427227,26.278845
544,3.774799,21.40795,26.278845
545,1.3310809e-15,21.738201,26.278845
546,-3.774799,21.40795,26.278845
547,-7.4349027,20.427227,26.278845
548,-10.869101,18.825834,26.278845
549,-13.973046,16.652428,26.278845
550,-16.652428,13.973046,26.278845
551,-18.825834,10.869101,26.278845
552,-20.427227,7.4349027,26.278845
553,-19.08848,3.3658142,29.668064
554,-19.382952,2.3737268e-15,29.668064
555,-21.40795,-3.774799,26.278845
556,19.382952,-4.7474537e-15,29.668064
557,19.08848,-3.3658142,29.668064
558,19.08848,3.3658142,29.668064
559,18.214016,6.6293597,29.668064
560,16.786127,9.691476,29.668064
561,14.848202,12.459121,29.668064
562,12.459121,14.848202,29.668064
563,9.691476,16.786127,29.668064
564,6.6293597,18.214016,29.668064
565,3.3658142,19.08848,29.668064
566,1.1868634e-15,19.382952,29.668064
567,-3.3658142,19.08848,29.668064
568,-6.6293597,18.214016,29.668064
569,-9.691476,16.786127,29.668064
570,-12.459121,14.848202,29.668064
571,-14.848202,12.459121,29.668064
572,-16.786127,9.691476,29.668064
573,-18.214016,6.6293597,29.668064
574,-16.769012,2.956829,33.057285
575,-17.0277,2.085292e-15,33.057285
576,-19.08848,-3.3658142,29.668064
577,17.0277,-4.170584e-15,33.057285
578,16.769012,-2.956829,33.057285
579,16.769012,2.956829,33.057285
580,16.000805,5.823817,33.057285
581,14.746421,8.51385,33.057285
582,13.043976,10.945195,33.057285
583,10.945195,13.043976,33.057285
584,8.51385,14.746421,33.057285
585,5.823817,16.000805,33.057285
586,2.956829,16.769012,33.057285
587,1.042646e-15,17.0277,33.057285
588,-2.956829,16.769012,33.057285
589,-5.823817,16.000805,33.057285
590,-8.51385,14.746421,33.057285
591,-10.945195,13.043976,33.057285
592,-13.043976,10.945195,33.057285
593,-14.746421,8.51385,33.057285
594,-16.000805,5.823817,33.057285
595,-14.449543,2.5478442,36.446507
596,-14.67245,8.312734e-15,36.446507
597,-16.769012,-2.956829,33.057285
598,14.67245,-3.593714e-15,36.446507
599,14.449543,-2.5478442,36.446507
600,14.449543,2.5478442,36.446507
601,13.787593,5.0182734,36.446507
602,12.706715,7.336225,36.446507
603,11.239749,9.43127,36.446507
604,9.43127,11.239749,36.446507
605,7.336225,12.706715,36.446507
606,5.0182734,13.787593,36.446507
607,2.5478442,14.449543,36.446507
608,8.984285e-16,14.67245,36.446507
609,-2.5478442,14.449543,36.446507
610,-5.0182734,13.787593,36.446507
611,-7.336225,12.706715,36.446507
612,-9.43127,11.239749,36.446507
613,-11.239749,9.43127,36.446507
614,-12.706715,7.336225,36.446507
615,-13.787593,5.0182734,36.446507
616,-12.1300745,2.1388593,39.835724
617,-12.3172,-3.961514e-15,39.835724
618,-14.449543,-2.5478442,36.446507
619,12.3172,-3.016844e-15,39.835724
620,12.1300745,-2.1388593,39.835724
621,12.1300745,2.1388593,39.835724
622,11.574382,4.2127304,39.835724
623,10.667008,6.1586,39.835724
624,9.435523,7.9173436,39.835724
625,7.9173436,9.435523,39.835724
626,6.1586,10.667008,39.835724
627,4.2127304,11.574382,39.835724
628,2.1388593,12.1300745,39.835724
629,7.54211e-16,12.3172,39.835724
630,-2.1388593,12.1300745,39.835724
631,-4.2127304,11.574382,39.835724
632,-6.1586,10.667008,39.835724
633,-7.9173436,9.435523,39.835724
634,-9.435523,7.9173436,39.835724
635,-10.667008,6.1586,39.835724
636,-11.574382,4.2127304,39.835724
637,-9.810605,1.7298744,43.224945
638,-9.961949,1.219987e-15,43.224945
639,-12.1300745,-2.1388593,39.835724
640,9.961949,6.4080147e-15,43.224945
641,9.810605,-1.7298744,43.224945
642,9.810605,1.7298744,43.224945
643,9.361171,3.4071875,43.224945
644,8.627301,4.9809747,43.224945
645,7.631296,6.403418,43.224945
646,6.403418,7.631296,43.224945
647,4.9809747,8.627301,43.224945
648,3.4071875,9.361171,43.224945
649,1.7298744,9.810605,43.224945
650,6.099935e-16,9.961949,43.224945
651,-1.7298744,9.810605,43.224945
652,-3.4071875,9.361171,43.224945
653,-4.9809747,8.627301,43.224945
654,-6.403418,7.631296,43.224945
655,-7.631296,6.403418,43.224945
656,-8.627301,4.9809747,43.224945
657,-9.361171,3.4071875,43.224945
658,-7.4911366,1.3208895,46.614166
659,-7.6066995,9.31552e-16,46.614166
660,-9.810605,-1.7298744,43.224945
661,7.6066995,-1.863104e-15,46.614166
662,7.4911366,-1.3208895,46.614166
663,7.4911366,1.3208895,46.614166
664,7.147959,2.6016445,46.614166
665,6.587595,3.8033497,46.614166
666,5.8270698,4.889492,46.614166
667,4.889492,5.8270698,46.614166
668,3.8033497,6.587595,46.614166
669,2.6016445,7.147959,46.614166
670,1.3208895,7.4911366,46.614166
671,4.65776e-16,7.6066995,46.614166
672,-1.3208895,7.4911366,46.614166
673,-2.6016445,7.147959,46.614166
674,-3.8033497,6.587595,46.614166
675,-4.889492,5.8270698,46.614166
676,-5.8270698,4.889492,46.614166
677,-6.587595,3.8033497,46.614166
678,-7.147959,2.6016445,46.614166
679,-5.188752,0.8237208,50.0
680,-5.2538023,0.0,50.0
681,-7.4911366,-1.3208895,46.614166
682,5.2538023,0.0,50.0
683,5.188752,-0.8237208,50.0
684,4.9964385,1.6234412,50.0
685,5.188752,0.8237208,50.0
686,4.681397,2.3844423,50.0
687,4.2504153,3.0881073,50.0
688,3.7143705,3.71544,50.0
689,3.0879686,4.250224,50.0
690,2.3857899,4.6807103,50.0
691,3.0000906,4.312725,50.0
692,1.6235142,4.9966626,50.0
693,0.82110804,5.1891065,50.0
694,-3.330669e-16,5.2535663,50.0
695,-1.1347663,5.129551,50.0
696,-0.82110804,5.1891065,50.0
697,-2.3857899,4.6807103,50.0
698,-1.6235142,4.9966626,50.0
699,-3.0879686,4.250224,50.0
700,-3.7143705,3.71544,50.0
701,-4.2504153,3.0881073,50.0
702,-4.681397,2.3844423,50.0
703,-4.9964385,1.6234412,50.0
704,-1.1306965,1.7443503,50.0
705,-5.188752,-0.8237208,50.0
706,2.9965322,-1.2306441,50.0
707,2.9965322,1.5378187,50.0
708,-4.9964385,-1.6234412,50.0
709,-1.1306965,-1.6261562,50.0
710,-1.6235142,-4.9966626,50.0
711,-1.140487,-5.128283,50.0
712,3.1484303,-4.205643,50.0
713,-2.3857899,-4.6807103,50.0
714,-3.0879686,-4.250224,50.0
715,-3.7143705,-3.71544,50.0
716,-4.2504153,-3.0881073,50.0
717,-4.681397,-2.3844423,50.0
718,-1.3208895,-7.4911366,46.614166
719,1.6235142,-4.9966626,50.0
720,-0.2167665,-5.24916,50.0
721,2.4191022,-4.6636086,50.0
722,-2.6016445,-7.147959,46.614166
723,-3.8033497,-6.587595,46.614166
724,-4.889492,-5.8270698,46.614166
725,-5.8270698,-4.889492,46.614166
726,-6.587595,-3.8033497,46.614166
727,-7.147959,-2.6016445,46.614166
728,0.7142338,-5.204964,50.0
729,-1.397328e-15,-7.6066995,46.614166
730,4.9964385,-1.6234412,50.0
731,3.8033497,-6.587595,46.614166
732,4.2504153,-3.0881073,50.0
733,3.740761,-3.6888351,50.0
734,4.889492,-5.8270698,46.614166
735,4.681397,-2.3844423,50.0
736,2.6016445,-7.147959,46.614166
737,1.3208895,-7.4911366,46.614166
738,5.8270698,-4.889492,46.614166
739,7.147959,-2.6016445,46.614166
740,6.587595,-3.8033497,46.614166
741,-33.706493,-12.268161,5.943524
742,-31.064074,-17.93485,5.943524
743,-27.477787,-23.0566,5.943524
744,-23.0566,-27.477787,5.943524
745,-17.93485,-31.064074,5.943524
746,-12.268161,-33.706493,5.943524
747,-6.2287087,-35.32476,5.943524
748,-6.5891574e-15,-35.8697,5.943524
749,6.2287087,-35.32476,5.943524
750,12.268161,-33.706493,5.943524
751,17.93485,-31.064074,5.943524
752,23.0566,-27.477787,5.943524
753,27.477787,-23.0566,5.943524
754,31.064074,-17.93485,5.943524
755,33.706493,-12.268161,5.943524
756,-31.493284,-11.462618,9.332745
757,-29.024366,-16.757227,9.332745
758,-25.67356,-21.542675,9.332745
759,-21.542675,-25.67356,9.332745
760,-16.757227,-29.024366,9.332745
761,-11.462618,-31.493284,9.332745
762,-5.8197236,-33.00529,9.332745
763,-6.1565052e-15,-33.514454,9.332745
764,5.8197236,-33.00529,9.332745
765,11.462618,-31.493284,9.332745
766,16.757227,-29.024366,9.332745
767,21.542675,-25.67356,9.332745
768,25.67356,-21.542675,9.332745
769,29.024366,-16.757227,9.332745
770,31.493284,-11.462618,9.332745
771,-29.280073,-10.657075,12.721964
772,-26.984661,-15.579601,12.721964
773,-23.869333,-20.02875,12.721964
774,-20.02875,-23.869333,12.721964
775,-15.579601,-26.984661,12.721964
776,-10.657075,-29.280073,12.721964
777,-5.4107385,-30.685823,12.721964
778,-5.7238527e-15,-31.159203,12.721964
779,5.4107385,-30.685823,12.721964
780,10.657075,-29.280073,12.721964
781,15.579601,-26.984661,12.721964
782,20.02875,-23.869333,12.721964
783,23.869333,-20.02875,12.721964
784,26.984661,-15.579601,12.721964
785,29.280073,-10.657075,12.721964
786,-27.06686,-9.851532,16.111185
787,-24.944954,-14.401976,16.111185
788,-22.065107,-18.514824,16.111185
789,-18.514824,-22.065107,16.111185
790,-14.401976,-24.944954,16.111185
791,-9.851532,-27.06686,16.111185
792,-5.001754,-28.366356,16.111185
793,-5.2912e-15,-28.803951,16.111185
794,5.001754,-28.366356,16.111185
795,9.851532,-27.06686,16.111185
796,14.401976,-24.944954,16.111185
797,18.514824,-22.065107,16.111185
798,22.065107,-18.514824,16.111185
799,24.944954,-14.401976,16.111185
800,27.06686,-9.851532,16.111185
801,-24.85365,-9.045989,19.500404
802,-22.905247,-13.224351,19.500404
803,-20.260881,-17.000898,19.500404
804,-17.000898,-20.260881,19.500404
805,-13.224351,-22.905247,19.500404
806,-9.045989,-24.85365,19.500404
807,-4.5927687,-26.046886,19.500404
808,-4.8585475e-15,-26.448702,19.500404
809,4.5927687,-26.046886,19.500404
810,9.045989,-24.85365,19.500404
811,13.224351,-22.905247,19.500404
812,17.000898,-20.260881,19.500404
813,20.260881,-17.000898,19.500404
814,22.905247,-13.224351,19.500404
815,24.85365,-9.045989,19.500404
816,-22.640438,-8.240446,22.889626
817,-20.865541,-12.046725,22.889626
818,-18.456656,-15.486972,22.889626
819,-15.486972,-18.456656,22.889626
820,-12.046725,-20.865541,22.889626
821,-8.240446,-22.640438,22.889626
822,-4.183784,-23.727417,22.889626
823,-4.4258954e-15,-24.09345,22.889626
824,4.183784,-23.727417,22.889626
825,8.240446,-22.640438,22.889626
826,12.046725,-20.865541,22.889626
827,15.486972,-18.456656,22.889626
828,18.456656,-15.486972,22.889626
829,20.865541,-12.046725,22.889626
830,22.640438,-8.240446,22.889626
831,-20.427227,-7.4349027,26.278845
832,-18.825834,-10.869101,26.278845
833,-16.652428,-13.973046,26.278845
834,-13.973046,-16.652428,26.278845
835,-10.869101,-18.825834,26.278845
836,-7.4349027,-20.427227,26.278845
837,-3.774799,-21.40795,26.278845
838,-3.993243e-15,-21.738201,26.278845
839,3.774799,-21.40795,26.278845
840,7.4349027,-20.427227,26.278845
841,10.869101,-18.825834,26.278845
842,13.973046,-16.652428,26.278845
843,16.652428,-13.973046,26.278845
844,18.825834,-10.869101,26.278845
845,20.427227,-7.4349027,26.278845
846,-18.214016,-6.6293597,29.668064
847,-16.786127,-9.691476,29.668064
848,-14.848202,-12.459121,29.668064
849,-12.459121,-14.848202,29.668064
850,-9.691476,-16.786127,29.668064
851,-6.6293597,-18.214016,29.668064
852,-3.3658142,-19.08848,29.668064
853,-3.5605902e-15,-19.382952,29.668064
854,3.3658142,-19.08848,29.668064
855,6.6293597,-18.214016,29.668064
856,9.691476,-16.786127,29.668064
857,12.459121,-14.848202,29.668064
858,14.848202,-12.459121,29.668064
859,16.786127,-9.691476,29.668064
860,18.214016,-6.6293597,29.668064
861,-16.000805,-5.823817,33.057285
862,-14.746421,-8.51385,33.057285
863,-13.043976,-10.945195,33.057285
864,-10.945195,-13.043976,33.057285
865,-8.51385,-14.746421,33.057285
866,-5.823817,-16.000805,33.057285
867,-2.956829,-16.769012,33.057285
868,-3.1279379e-15,-17.0277,33.057285
869,2.956829,-16.769012,33.057285
870,5.823817,-16.000805,33.057285
871,8.51385,-14.746421,33.057285
872,10.945195,-13.043976,33.057285
873,13.043976,-10.945195,33.057285
874,14.746421,-8.51385,33.057285
875,16.000805,-5.823817,33.057285
876,-13.787593,-5.0182734,36.446507
877,-12.706715,-7.336225,36.446507
878,-11.239749,-9.43127,36.446507
879,-9.43127,-11.239749,36.446507
880,-7.336225,-12.706715,36.446507
881,-5.0182734,-13.787593,36.446507
882,-2.5478442,-14.449543,36.446507
883,-2.6952853e-15,-14.67245,36.446507
884,2.5478442,-14.449543,36.446507
885,5.0182734,-13.787593,36.446507
886,7.336225,-12.706715,36.446507
887,9.43127,-11.239749,36.446507
888,11.239749,-9.43127,36.446507
889,12.706715,-7.336225,36.446507
890,13.787593,-5.0182734,36.446507
891,-11.574382,-4.2127304,39.835724
892,-10.667008,-6.1586,39.835724
893,-9.435523,-7.9173436,39.835724
894,-7.9173436,-9.435523,39.835724
895,-6.1586,-10.667008,39.835724
896,-4.2127304,-11.574382,39.835724
897,-2.1388593,-12.1300745,39.835724
898,-2.262633e-15,-12.3172,39.835724
899,2.1388593,-12.1300745,39.835724
900,4.2127304,-11.574382,39.835724
901,6.1586,-10.667008,39.835724
902,7.9173436,-9.435523,39.835724
903,9.435523,-7.9173436,39.835724
904,10.667008,-6.1586,39.835724
905,11.574382,-4.2127304,39.835724
906,-9.361171,-3.4071875,43.224945
907,-8.627301,-4.9809747,43.224945
908,-7.631296,-6.403418,43.224945
909,-6.403418,-7.631296,43.224945
910,-4.9809747,-8.627301,43.224945
911,-3.4071875,-9.361171,43.224945
912,-1.7298744,-9.810605,43.224945
913,-1.8299806e-15,-9.961949,43.224945
914,1.7298744,-9.810605,43.224945
915,3.4071875,-9.361171,43.224945
916,4.9809747,-8.627301,43.224945
917,6.403418,-7.631296,43.224945
918,7.631296,-6.403418,43.224945
919,8.627301,-4.9809747,43.224945
920,9.361171,-3.4071875,43.224945
