G01,X-1.131,Y-1.626,Z50.0,;
G01,X-3.088,Y-4.25,Z50.0,;
G01,X-3.714,Y-3.715,Z50.0,;
G01,X-4.25,Y-3.088,Z50.0,;
G01,X-4.681,Y-2.384,Z50.0,;
G01,X-4.996,Y-1.623,Z50.0,;
G01,X-5.189,Y-0.824,Z50.0,;
G01,X-5.254,Y0.0,Z50.0,;
G01,X-5.189,Y0.824,Z50.0,;
G01,X-4.996,Y1.623,Z50.0,;
G01,X-4.681,Y2.384,Z50.0,;
G01,X-4.25,Y3.088,Z50.0,;
G01,X-3.714,Y3.715,Z50.0,;
G01,X-3.088,Y4.25,Z50.0,;
G01,X-2.386,Y4.681,Z50.0,;
G01,X-1.624,Y4.997,Z50.0,;
G01,X-1.135,Y5.13,Z50.0,;
G01,X-0.821,Y5.189,Z50.0,;
G01,X-0.0,Y5.254,Z50.0,;
G01,X0.821,Y5.189,Z50.0,;
G01,X1.624,Y4.997,Z50.0,;
G01,X2.386,Y4.681,Z50.0,;
G01,X3.0,Y4.313,Z50.0,;
G01,X3.088,Y4.25,Z50.0,;
G01,X3.714,Y3.715,Z50.0,;
G01,X4.25,Y3.088,Z50.0,;
G01,X4.681,Y2.384,Z50.0,;
G01,X4.996,Y1.623,Z50.0,;
G01,X5.189,Y0.824,Z50.0,;
G01,X5.254,Y0.0,Z50.0,;
G01,X5.189,Y-0.824,Z50.0,;
G01,X4.996,Y-1.623,Z50.0,;
G01,X4.681,Y-2.384,Z50.0,;
G01,X4.25,Y-3.088,Z50.0,;
G01,X3.741,Y-3.689,Z50.0,;
G01,X3.148,Y-4.206,Z50.0,;
G01,X2.419,Y-4.664,Z50.0,;
G01,X1.624,Y-4.997,Z50.0,;
G01,X0.714,Y-5.205,Z50.0,;
G01,X-0.217,Y-5.249,Z50.0,;
G01,X-1.14,Y-5.128,Z50.0,;
G01,X-1.624,Y-4.997,Z50.0,;
G01,X-2.386,Y-4.681,Z50.0,;
G01,X-1.131,Y-1.626,Z50.0,;
G01,X-1.131,Y1.744,Z50.0,;
G01,X2.997,Y1.538,Z50.0,;
G01,X2.997,Y-1.231,Z50.0,;
G01,X7.148,Y-2.602,Z46.614,;
G01,X6.588,Y-3.803,Z46.614,;
G01,X5.827,Y-4.889,Z46.614,;
G01,X4.889,Y-5.827,Z46.614,;
G01,X3.803,Y-6.588,Z46.614,;
G01,X2.602,Y-7.148,Z46.614,;
G01,X1.321,Y-7.491,Z46.614,;
G01,X-0.0,Y-7.607,Z46.614,;
G01,X-1.321,Y-7.491,Z46.614,;
G01,X-2.602,Y-7.148,Z46.614,;
G01,X-3.803,Y-6.588,Z46.614,;
G01,X-4.889,Y-5.827,Z46.614,;
G01,X-5.827,Y-4.889,Z46.614,;
G01,X-6.588,Y-3.803,Z46.614,;
G01,X-7.148,Y-2.602,Z46.614,;
G01,X-7.491,Y-1.321,Z46.614,;
G01,X-7.607,Y0.0,Z46.614,;
G01,X-7.491,Y1.321,Z46.614,;
G01,X-7.148,Y2.602,Z46.614,;
G01,X-6.588,Y3.803,Z46.614,;
G01,X-5.827,Y4.889,Z46.614,;
G01,X-4.889,Y5.827,Z46.614,;
G01,X-3.803,Y6.588,Z46.614,;
G01,X-2.602,Y7.148,Z46.614,;
G01,X-1.321,Y7.491,Z46.614,;
G01,X0.0,Y7.607,Z46.614,;
G01,X1.321,Y7.491,Z46.614,;
G01,X2.602,Y7.148,Z46.614,;
G01,X3.803,Y6.588,Z46.614,;
G01,X4.889,Y5.827,Z46.614,;
G01,X5.827,Y4.889,Z46.614,;
G01,X6.588,Y3.803,Z46.614,;
G01,X7.148,Y2.602,Z46.614,;
G01,X7.491,Y1.321,Z46.614,;
G01,X7.607,Y-0.0,Z46.614,;
G01,X7.491,Y-1.321,Z46.614,;
G01,X7.148,Y-2.602,Z46.614,;
G01,X9.361,Y-3.407,Z43.225,;
G01,X9.811,Y-1.73,Z43.225,;
G01,X9.962,Y0.0,Z43.225,;
G01,X9.811,Y1.73,Z43.225,;
G01,X9.361,Y3.407,Z43.225,;
G01,X8.627,Y4.981,Z43.225,;
G01,X7.631,Y6.403,Z43.225,;
G01,X6.403,Y7.631,Z43.225,;
G01,X4.981,Y8.627,Z43.225,;
G01,X3.407,Y9.361,Z43.225,;
G01,X1.73,Y9.811,Z43.225,;
G01,X0.0,Y9.962,Z43.225,;
G01,X-1.73,Y9.811,Z43.225,;
G01,X-3.407,Y9.361,Z43.225,;
G01,X-4.981,Y8.627,Z43.225,;
G01,X-6.403,Y7.631,Z43.225,;
G01,X-7.631,Y6.403,Z43.225,;
G01,X-8.627,Y4.981,Z43.225,;
G01,X-9.361,Y3.407,Z43.225,;
G01,X-9.811,Y1.73,Z43.225,;
G01,X-9.962,Y0.0,Z43.225,;
G01,X-9.811,Y-1.73,Z43.225,;
G01,X-9.361,Y-3.407,Z43.225,;
G01,X-8.627,Y-4.981,Z43.225,;
G01,X-7.631,Y-6.403,Z43.225,;
G01,X-6.403,Y-7.631,Z43.225,;
G01,X-4.981,Y-8.627,Z43.225,;
G01,X-3.407,Y-9.361,Z43.225,;
G01,X-1.73,Y-9.811,Z43.225,;
G01,X-0.0,Y-9.962,Z43.225,;
G01,X1.73,Y-9.811,Z43.225,;
G01,X3.407,Y-9.361,Z43.225,;
G01,X4.981,Y-8.627,Z43.225,;
G01,X6.403,Y-7.631,Z43.225,;
G01,X7.631,Y-6.403,Z43.225,;
G01,X8.627,Y-4.981,Z43.225,;
G01,X9.361,Y-3.407,Z43.225,;
G01,X11.574,Y-4.213,Z39.836,;
G01,X12.13,Y-2.139,Z39.836,;
G01,X12.317,Y-0.0,Z39.836,;
G01,X12.13,Y2.139,Z39.836,;
G01,X11.574,Y4.213,Z39.836,;
G01,X10.667,Y6.159,Z39.836,;
G01,X9.436,Y7.917,Z39.836,;
G01,X7.917,Y9.436,Z39.836,;
G01,X6.159,Y10.667,Z39.836,;
G01,X4.213,Y11.574,Z39.836,;
G01,X2.139,Y12.13,Z39.836,;
G01,X0.0,Y12.317,Z39.836,;
G01,X-2.139,Y12.13,Z39.836,;
G01,X-4.213,Y11.574,Z39.836,;
G01,X-6.159,Y10.667,Z39.836,;
G01,X-7.917,Y9.436,Z39.836,;
G01,X-9.436,Y7.917,Z39.836,;
G01,X-10.667,Y6.159,Z39.836,;
G01,X-11.574,Y4.213,Z39.836,;
G01,X-12.13,Y2.139,Z39.836,;
G01,X-12.317,Y-0.0,Z39.836,;
G01,X-12.13,Y-2.139,Z39.836,;
G01,X-11.574,Y-4.213,Z39.836,;
G01,X-10.667,Y-6.159,Z39.836,;
G01,X-9.436,Y-7.917,Z39.836,;
G01,X-7.917,Y-9.436,Z39.836,;
G01,X-6.159,Y-10.667,Z39.836,;
G01,X-4.213,Y-11.574,Z39.836,;
G01,X-2.139,Y-12.13,Z39.836,;
G01,X-0.0,Y-12.317,Z39.836,;
G01,X2.139,Y-12.13,Z39.836,;
G01,X4.213,Y-11.574,Z39.836,;
G01,X6.159,Y-10.667,Z39.836,;
G01,X7.917,Y-9.436,Z39.836,;
G01,X9.436,Y-7.917,Z39.836,;
G01,X10.667,Y-6.159,Z39.836,;
G01,X11.574,Y-4.213,Z39.836,;
G01,X13.788,Y-5.018,Z36.447,;
G01,X12.707,Y-7.336,Z36.447,;
G01,X11.24,Y-9.431,Z36.447,;
G01,X9.431,Y-11.24,Z36.447,;
G01,X7.336,Y-12.707,Z36.447,;
G01,X5.018,Y-13.788,Z36.447,;
G01,X2.548,Y-14.45,Z36.447,;
G01,X-0.0,Y-14.672,Z36.447,;
G01,X-2.548,Y-14.45,Z36.447,;
G01,X-5.018,Y-13.788,Z36.447,;
G01,X-7.336,Y-12.707,Z36.447,;
G01,X-9.431,Y-11.24,Z36.447,;
G01,X-11.24,Y-9.431,Z36.447,;
G01,X-12.707,Y-7.336,Z36.447,;
G01,X-13.788,Y-5.018,Z36.447,;
G01,X-14.45,Y-2.548,Z36.447,;
G01,X-14.672,Y0.0,Z36.447,;
G01,X-14.45,Y2.548,Z36.447,;
G01,X-13.788,Y5.018,Z36.447,;
G01,X-12.707,Y7.336,Z36.447,;
G01,X-11.24,Y9.431,Z36.447,;
G01,X-9.431,Y11.24,Z36.447,;
G01,X-7.336,Y12.707,Z36.447,;
G01,X-5.018,Y13.788,Z36.447,;
G01,X-2.548,Y14.45,Z36.447,;
G01,X0.0,Y14.672,Z36.447,;
G01,X2.548,Y14.45,Z36.447,;
G01,X5.018,Y13.788,Z36.447,;
G01,X7.336,Y12.707,Z36.447,;
G01,X9.431,Y11.24,Z36.447,;
G01,X11.24,Y9.431,Z36.447,;
G01,X12.707,Y7.336,Z36.447,;
G01,X13.788,Y5.018,Z36.447,;
G01,X14.45,Y2.548,Z36.447,;
G01,X14.672,Y-0.0,Z36.447,;
G01,X14.45,Y-2.548,Z36.447,;
G01,X13.788,Y-5.018,Z36.447,;
G01,X16.001,Y-5.824,Z33.057,;
G01,X14.746,Y-8.514,Z33.057,;
G01,X13.044,Y-10.945,Z33.057,;
G01,X10.945,Y-13.044,Z33.057,;
G01,X8.514,Y-14.746,Z33.057,;
G01,X5.824,Y-16.001,Z33.057,;
G01,X2.957,Y-16.769,Z33.057,;
G01,X-0.0,Y-17.028,Z33.057,;
G01,X-2.957,Y-16.769,Z33.057,;
G01,X-5.824,Y-16.001,Z33.057,;
G01,X-8.514,Y-14.746,Z33.057,;
G01,X-10.945,Y-13.044,Z33.057,;
G01,X-13.044,Y-10.945,Z33.057,;
G01,X-14.746,Y-8.514,Z33.057,;
G01,X-16.001,Y-5.824,Z33.057,;
G01,X-16.769,Y-2.957,Z33.057,;
G01,X-17.028,Y0.0,Z33.057,;
G01,X-16.769,Y2.957,Z33.057,;
G01,X-16.001,Y5.824,Z33.057,;
G01,X-14.746,Y8.514,Z33.057,;
G01,X-13.044,Y10.945,Z33.057,;
G01,X-10.945,Y13.044,Z33.057,;
G01,X-8.514,Y14.746,Z33.057,;
G01,X-5.824,Y16.001,Z33.057,;
G01,X-2.957,Y16.769,Z33.057,;
G01,X0.0,Y17.028,Z33.057,;
G01,X2.957,Y16.769,Z33.057,;
G01,X5.824,Y16.001,Z33.057,;
G01,X8.514,Y14.746,Z33.057,;
G01,X10.945,Y13.044,Z33.057,;
G01,X13.044,Y10.945,Z33.057,;
G01,X14.746,Y8.514,Z33.057,;
G01,X16.001,Y5.824,Z33.057,;
G01,X16.769,Y2.957,Z33.057,;
G01,X17.028,Y-0.0,Z33.057,;
G01,X16.769,Y-2.957,Z33.057,;
G01,X16.001,Y-5.824,Z33.057,;
G01,X18.214,Y-6.629,Z29.668,;
G01,X19.088,Y-3.366,Z29.668,;
G01,X19.383,Y-0.0,Z29.668,;
G01,X19.088,Y3.366,Z29.668,;
G01,X18.214,Y6.629,Z29.668,;
G01,X16.786,Y9.691,Z29.668,;
G01,X14.848,Y12.459,Z29.668,;
G01,X12.459,Y14.848,Z29.668,;
G01,X9.691,Y16.786,Z29.668,;
G01,X6.629,Y18.214,Z29.668,;
G01,X3.366,Y19.088,Z29.668,;
G01,X0.0,Y19.383,Z29.668,;
G01,X-3.366,Y19.088,Z29.668,;
G01,X-6.629,Y18.214,Z29.668,;
G01,X-9.691,Y16.786,Z29.668,;
G01,X-12.459,Y14.848,Z29.668,;
G01,X-14.848,Y12.459,Z29.668,;
G01,X-16.786,Y9.691,Z29.668,;
G01,X-18.214,Y6.629,Z29.668,;
G01,X-19.088,Y3.366,Z29.668,;
G01,X-19.383,Y0.0,Z29.668,;
G01,X-19.088,Y-3.366,Z29.668,;
G01,X-18.214,Y-6.629,Z29.668,;
G01,X-16.786,Y-9.691,Z29.668,;
G01,X-14.848,Y-12.459,Z29.668,;
G01,X-12.459,Y-14.848,Z29.668,;
G01,X-9.691,Y-16.786,Z29.668,;
G01,X-6.629,Y-18.214,Z29.668,;
G01,X-3.366,Y-19.088,Z29.668,;
G01,X-0.0,Y-19.383,Z29.668,;
G01,X3.366,Y-19.088,Z29.668,;
G01,X6.629,Y-18.214,Z29.668,;
G01,X9.691,Y-16.786,Z29.668,;
G01,X12.459,Y-14.848,Z29.668,;
G01,X14.848,Y-12.459,Z29.668,;
G01,X16.786,Y-9.691,Z29.668,;
G01,X18.214,Y-6.629,Z29.668,;
G01,X20.427,Y-7.435,Z26.279,;
G01,X21.408,Y-3.775,Z26.279,;
G01,X21.738,Y-0.0,Z26.279,;
G01,X21.408,Y3.775,Z26.279,;
G01,X20.427,Y7.435,Z26.279,;
G01,X18.826,Y10.869,Z26.279,;
G01,X16.652,Y13.973,Z26.279,;
G01,X13.973,Y16.652,Z26.279,;
G01,X10.869,Y18.826,Z26.279,;
G01,X7.435,Y20.427,Z26.279,;
G01,X3.775,Y21.408,Z26.279,;
G01,X0.0,Y21.738,Z26.279,;
G01,X-3.775,Y21.408,Z26.279,;
G01,X-7.435,Y20.427,Z26.279,;
G01,X-10.869,Y18.826,Z26.279,;
G01,X-13.973,Y16.652,Z26.279,;
G01,X-16.652,Y13.973,Z26.279,;
G01,X-18.826,Y10.869,Z26.279,;
G01,X-20.427,Y7.435,Z26.279,;
G01,X-21.408,Y3.775,Z26.279,;
G01,X-21.738,Y0.0,Z26.279,;
G01,X-21.408,Y-3.775,Z26.279,;
G01,X-20.427,Y-7.435,Z26.279,;
G01,X-18.826,Y-10.869,Z26.279,;
G01,X-16.652,Y-13.973,Z26.279,;
G01,X-13.973,Y-16.652,Z26.279,;
G01,X-10.869,Y-18.826,Z26.279,;
G01,X-7.435,Y-20.427,Z26.279,;
G01,X-3.775,Y-21.408,Z26.279,;
G01,X-0.0,Y-21.738,Z26.279,;
G01,X3.775,Y-21.408,Z26.279,;
G01,X7.435,Y-20.427,Z26.279,;
G01,X10.869,Y-18.826,Z26.279,;
G01,X13.973,Y-16.652,Z26.279,;
G01,X16.652,Y-13.973,Z26.279,;
G01,X18.826,Y-10.869,Z26.279,;
G01,X20.427,Y-7.435,Z26.279,;
G01,X22.64,Y-8.24,Z22.89,;
G01,X20.866,Y-12.047,Z22.89,;
G01,X18.457,Y-15.487,Z22.89,;
G01,X15.487,Y-18.457,Z22.89,;
G01,X12.047,Y-20.866,Z22.89,;
G01,X8.24,Y-22.64,Z22.89,;
G01,X4.184,Y-23.727,Z22.89,;
G01,X-0.0,Y-24.093,Z22.89,;
G01,X-4.184,Y-23.727,Z22.89,;
G01,X-8.24,Y-22.64,Z22.89,;
G01,X-12.047,Y-20.866,Z22.89,;
G01,X-15.487,Y-18.457,Z22.89,;
G01,X-18.457,Y-15.487,Z22.89,;
G01,X-20.866,Y-12.047,Z22.89,;
G01,X-22.64,Y-8.24,Z22.89,;
G01,X-23.727,Y-4.184,Z22.89,;
G01,X-24.093,Y0.0,Z22.89,;
G01,X-23.727,Y4.184,Z22.89,;
G01,X-22.64,Y8.24,Z22.89,;
G01,X-20.866,Y12.047,Z22.89,;
G01,X-18.457,Y15.487,Z22.89,;
G01,X-15.487,Y18.457,Z22.89,;
G01,X-12.047,Y20.866,Z22.89,;
G01,X-8.24,Y22.64,Z22.89,;
G01,X-4.184,Y23.727,Z22.89,;
G01,X0.0,Y24.093,Z22.89,;
G01,X4.184,Y23.727,Z22.89,;
G01,X8.24,Y22.64,Z22.89,;
G01,X12.047,Y20.866,Z22.89,;
G01,X15.487,Y18.457,Z22.89,;
G01,X18.457,Y15.487,Z22.89,;
G01,X20.866,Y12.047,Z22.89,;
G01,X22.64,Y8.24,Z22.89,;
G01,X23.727,Y4.184,Z22.89,;
G01,X24.093,Y-0.0,Z22.89,;
G01,X23.727,Y-4.184,Z22.89,;
G01,X22.64,Y-8.24,Z22.89,;
G01,X24.854,Y-9.046,Z19.5,;
G01,X26.047,Y-4.593,Z19.5,;
G01,X26.449,Y-0.0,Z19.5,;
G01,X26.047,Y4.593,Z19.5,;
G01,X24.854,Y9.046,Z19.5,;
G01,X22.905,Y13.224,Z19.5,;
G01,X20.261,Y17.001,Z19.5,;
G01,X17.001,Y20.261,Z19.5,;
G01,X13.224,Y22.905,Z19.5,;
G01,X9.046,Y24.854,Z19.5,;
G01,X4.593,Y26.047,Z19.5,;
G01,X0.0,Y26.449,Z19.5,;
G01,X-4.593,Y26.047,Z19.5,;
G01,X-9.046,Y24.854,Z19.5,;
G01,X-13.224,Y22.905,Z19.5,;
G01,X-17.001,Y20.261,Z19.5,;
G01,X-20.261,Y17.001,Z19.5,;
G01,X-22.905,Y13.224,Z19.5,;
G01,X-24.854,Y9.046,Z19.5,;
G01,X-26.047,Y4.593,Z19.5,;
G01,X-26.449,Y0.0,Z19.5,;
G01,X-26.047,Y-4.593,Z19.5,;
G01,X-24.854,Y-9.046,Z19.5,;
G01,X-22.905,Y-13.224,Z19.5,;
G01,X-20.261,Y-17.001,Z19.5,;
G01,X-17.001,Y-20.261,Z19.5,;
G01,X-13.224,Y-22.905,Z19.5,;
G01,X-9.046,Y-24.854,Z19.5,;
G01,X-4.593,Y-26.047,Z19.5,;
G01,X-0.0,Y-26.449,Z19.5,;
G01,X4.593,Y-26.047,Z19.5,;
G01,X9.046,Y-24.854,Z19.5,;
G01,X13.224,Y-22.905,Z19.5,;
G01,X17.001,Y-20.261,Z19.5,;
G01,X20.261,Y-17.001,Z19.5,;
G01,X22.905,Y-13.224,Z19.5,;
G01,X24.854,Y-9.046,Z19.5,;
G01,X27.067,Y-9.852,Z16.111,;
G01,X24.945,Y-14.402,Z16.111,;
G01,X22.065,Y-18.515,Z16.111,;
G01,X18.515,Y-22.065,Z16.111,;
G01,X14.402,Y-24.945,Z16.111,;
G01,X9.852,Y-27.067,Z16.111,;
G01,X5.002,Y-28.366,Z16.111,;
G01,X-0.0,Y-28.804,Z16.111,;
G01,X-5.002,Y-28.366,Z16.111,;
G01,X-9.852,Y-27.067,Z16.111,;
G01,X-14.402,Y-24.945,Z16.111,;
G01,X-18.515,Y-22.065,Z16.111,;
G01,X-22.065,Y-18.515,Z16.111,;
G01,X-24.945,Y-14.402,Z16.111,;
G01,X-27.067,Y-9.852,Z16.111,;
G01,X-28.366,Y-5.002,Z16.111,;
G01,X-28.804,Y0.0,Z16.111,;
G01,X-28.366,Y5.002,Z16.111,;
G01,X-27.067,Y9.852,Z16.111,;
G01,X-24.945,Y14.402,Z16.111,;
G01,X-22.065,Y18.515,Z16.111,;
G01,X-18.515,Y22.065,Z16.111,;
G01,X-14.402,Y24.945,Z16.111,;
G01,X-9.852,Y27.067,Z16.111,;
G01,X-5.002,Y28.366,Z16.111,;
G01,X0.0,Y28.804,Z16.111,;
G01,X5.002,Y28.366,Z16.111,;
G01,X9.852,Y27.067,Z16.111,;
G01,X14.402,Y24.945,Z16.111,;
G01,X18.515,Y22.065,Z16.111,;
G01,X22.065,Y18.515,Z16.111,;
G01,X24.945,Y14.402,Z16.111,;
G01,X27.067,Y9.852,Z16.111,;
G01,X28.366,Y5.002,Z16.111,;
G01,X28.804,Y-0.0,Z16.111,;
G01,X28.366,Y-5.002,Z16.111,;
G01,X27.067,Y-9.852,Z16.111,;
G01,X29.28,Y-10.657,Z12.722,;
G01,X26.985,Y-15.58,Z12.722,;
G01,X23.869,Y-20.029,Z12.722,;
G01,X20.029,Y-23.869,Z12.722,;
G01,X15.58,Y-26.985,Z12.722,;
G01,X10.657,Y-29.28,Z12.722,;
G01,X5.411,Y-30.686,Z12.722,;
G01,X-0.0,Y-31.159,Z12.722,;
G01,X-5.411,Y-30.686,Z12.722,;
G01,X-10.657,Y-29.28,Z12.722,;
G01,X-15.58,Y-26.985,Z12.722,;
G01,X-20.029,Y-23.869,Z12.722,;
G01,X-23.869,Y-20.029,Z12.722,;
G01,X-26.985,Y-15.58,Z12.722,;
G01,X-29.28,Y-10.657,Z12.722,;
G01,X-30.686,Y-5.411,Z12.722,;
G01,X-31.159,Y0.0,Z12.722,;
G01,X-30.686,Y5.411,Z12.722,;
G01,X-29.28,Y10.657,Z12.722,;
G01,X-26.985,Y15.58,Z12.722,;
G01,X-23.869,Y20.029,Z12.722,;
G01,X-20.029,Y23.869,Z12.722,;
G01,X-15.58,Y26.985,Z12.722,;
G01,X-10.657,Y29.28,Z12.722,;
G01,X-5.411,Y30.686,Z12.722,;
G01,X0.0,Y31.159,Z12.722,;
G01,X5.411,Y30.686,Z12.722,;
G01,X10.657,Y29.28,Z12.722,;
G01,X15.58,Y26.985,Z12.722,;
G01,X20.029,Y23.869,Z12.722,;
G01,X23.869,Y20.029,Z12.722,;
G01,X26.985,Y15.58,Z12.722,;
G01,X29.28,Y10.657,Z12.722,;
G01,X30.686,Y5.411,Z12.722,;
G01,X31.159,Y-0.0,Z12.722,;
G01,X30.686,Y-5.411,Z12.722,;
G01,X29.28,Y-10.657,Z12.722,;
G01,X31.493,Y-11.463,Z9.333,;
G01,X33.005,Y-5.82,Z9.333,;
G01,X33.514,Y-0.0,Z9.333,;
G01,X33.005,Y5.82,Z9.333,;
G01,X31.493,Y11.463,Z9.333,;
G01,X29.024,Y16.757,Z9.333,;
G01,X25.674,Y21.543,Z9.333,;
G01,X21.543,Y25.674,Z9.333,;
G01,X16.757,Y29.024,Z9.333,;
G01,X11.463,Y31.493,Z9.333,;
G01,X5.82,Y33.005,Z9.333,;
G01,X0.0,Y33.514,Z9.333,;
G01,X-5.82,Y33.005,Z9.333,;
G01,X-11.463,Y31.493,Z9.333,;
G01,X-16.757,Y29.024,Z9.333,;
G01,X-21.543,Y25.674,Z9.333,;
G01,X-25.674,Y21.543,Z9.333,;
G01,X-29.024,Y16.757,Z9.333,;
G01,X-31.493,Y11.463,Z9.333,;
G01,X-33.005,Y5.82,Z9.333,;
G01,X-33.514,Y0.0,Z9.333,;
G01,X-33.005,Y-5.82,Z9.333,;
G01,X-31.493,Y-11.463,Z9.333,;
G01,X-29.024,Y-16.757,Z9.333,;
G01,X-25.674,Y-21.543,Z9.333,;
G01,X-21.543,Y-25.674,Z9.333,;
G01,X-16.757,Y-29.024,Z9.333,;
G01,X-11.463,Y-31.493,Z9.333,;
G01,X-5.82,Y-33.005,Z9.333,;
G01,X-0.0,Y-33.514,Z9.333,;
G01,X5.82,Y-33.005,Z9.333,;
G01,X11.463,Y-31.493,Z9.333,;
G01,X16.757,Y-29.024,Z9.333,;
G01,X21.543,Y-25.674,Z9.333,;
G01,X25.674,Y-21.543,Z9.333,;
G01,X29.024,Y-16.757,Z9.333,;
G01,X31.493,Y-11.463,Z9.333,;
G01,X33.706,Y-12.268,Z5.944,;
G01,X31.064,Y-17.935,Z5.944,;
G01,X27.478,Y-23.057,Z5.944,;
G01,X23.057,Y-27.478,Z5.944,;
G01,X17.935,Y-31.064,Z5.944,;
G01,X12.268,Y-33.706,Z5.944,;
G01,X6.229,Y-35.325,Z5.944,;
G01,X-0.0,Y-35.87,Z5.944,;
G01,X-6.229,Y-35.325,Z5.944,;
G01,X-12.268,Y-33.706,Z5.944,;
G01,X-17.935,Y-31.064,Z5.944,;
G01,X-23.057,Y-27.478,Z5.944,;
G01,X-27.478,Y-23.057,Z5.944,;
G01,X-31.064,Y-17.935,Z5.944,;
G01,X-33.706,Y-12.268,Z5.944,;
G01,X-35.325,Y-6.229,Z5.944,;
G01,X-35.87,Y0.0,Z5.944,;
G01,X-35.325,Y6.229,Z5.944,;
G01,X-33.706,Y12.268,Z5.944,;
G01,X-31.064,Y17.935,Z5.944,;
G01,X-27.478,Y23.057,Z5.944,;
G01,X-23.057,Y27.478,Z5.944,;
G01,X-17.935,Y31.064,Z5.944,;
G01,X-12.268,Y33.706,Z5.944,;
G01,X-6.229,Y35.325,Z5.944,;
G01,X0.0,Y35.87,Z5.944,;
G01,X6.229,Y35.325,Z5.944,;
G01,X12.268,Y33.706,Z5.944,;
G01,X17.935,Y31.064,Z5.944,;
G01,X23.057,Y27.478,Z5.944,;
G01,X27.478,Y23.057,Z5.944,;
G01,X31.064,Y17.935,Z5.944,;
G01,X33.706,Y12.268,Z5.944,;
G01,X35.325,Y6.229,Z5.944,;
G01,X35.87,Y-0.0,Z5.944,;
G01,X35.325,Y-6.229,Z5.944,;
G01,X33.706,Y-12.268,Z5.944,;
G01,X35.92,Y-13.074,Z2.554,;
G01,X33.104,Y-19.112,Z2.554,;
G01,X29.282,Y-24.571,Z2.554,;
G01,X24.571,Y-29.282,Z2.554,;
G01,X19.112,Y-33.104,Z2.554,;
G01,X13.074,Y-35.92,Z2.554,;
G01,X6.638,Y-37.644,Z2.554,;
G01,X-0.0,Y-38.225,Z2.554,;
G01,X-6.638,Y-37.644,Z2.554,;
G01,X-13.074,Y-35.92,Z2.554,;
G01,X-19.112,Y-33.104,Z2.554,;
G01,X-24.571,Y-29.282,Z2.554,;
G01,X-29.282,Y-24.571,Z2.554,;
G01,X-33.104,Y-19.112,Z2.554,;
G01,X-35.92,Y-13.074,Z2.554,;
G01,X-37.644,Y-6.638,Z2.554,;
G01,X-38.225,Y0.0,Z2.554,;
G01,X-37.644,Y6.638,Z2.554,;
G01,X-35.92,Y13.074,Z2.554,;
G01,X-33.104,Y19.112,Z2.554,;
G01,X-29.282,Y24.571,Z2.554,;
G01,X-24.571,Y29.282,Z2.554,;
G01,X-19.112,Y33.104,Z2.554,;
G01,X-13.074,Y35.92,Z2.554,;
G01,X-6.638,Y37.644,Z2.554,;
G01,X0.0,Y38.225,Z2.554,;
G01,X6.638,Y37.644,Z2.554,;
G01,X13.074,Y35.92,Z2.554,;
G01,X19.112,Y33.104,Z2.554,;
G01,X24.571,Y29.282,Z2.554,;
G01,X29.282,Y24.571,Z2.554,;
G01,X33.104,Y19.112,Z2.554,;
G01,X35.92,Y13.074,Z2.554,;
G01,X37.644,Y6.638,Z2.554,;
G01,X38.225,Y-0.0,Z2.554,;
G01,X37.644,Y-6.638,Z2.554,;
G01,X35.92,Y-13.074,Z2.554,;
