x,y,z
84.21,9.62,-40.6
97.14,9.6,-40.6
97.66,9.52,-40.6
98.16,9.4,-40.6
98.65,9.23,-40.6
99.12,9.01,-40.6
99.61,8.7,-40.6
100.16,8.25,-40.6
100.62,7.75,-40.6
100.93,7.33,-40.6
101.17,6.87,-40.6
101.36,6.4,-40.6
101.49,5.94,-40.6
101.57,5.47,-40.6
101.59,5.0,-40.6
101.57,4.54,-40.6
101.49,4.07,-40.6
101.36,3.61,-40.6
101.18,3.14,-40.6
100.92,2.67,-40.6
100.59,2.2,-40.6
100.12,1.72,-40.6
99.57,1.27,-40.6
99.11,0.99,-40.6
98.65,0.77,-40.6
98.16,0.6,-40.6
97.66,0.48,-40.6
97.14,0.4,-40.6
84.21,0.38,-40.6
25.79,0.38,-40.6
12.86,0.4,-40.6
12.34,0.48,-40.6
11.84,0.6,-40.6
11.35,0.77,-40.6
10.88,0.99,-40.6
10.38,1.31,-40.6
9.83,1.75,-40.6
9.38,2.25,-40.6
9.07,2.68,-40.6
8.82,3.14,-40.6
8.64,3.61,-40.6
8.51,4.07,-40.6
8.43,4.54,-40.6
8.41,5.0,-40.6
8.43,5.47,-40.6
8.51,5.94,-40.6
8.64,6.4,-40.6
8.83,6.87,-40.6
9.08,7.33,-40.6
9.42,7.8,-40.6
9.88,8.29,-40.6
10.43,8.73,-40.6
10.89,9.01,-40.6
11.35,9.23,-40.6
11.84,9.4,-40.6
12.34,9.52,-40.6
12.86,9.6,-40.6
25.79,9.62,-40.6
84.21,9.62,-40.6
84.28,9.61,-41.1
97.59,9.52,-41.1
98.52,9.26,-41.1
99.37,8.84,-41.1
100.12,8.27,-41.1
100.74,7.57,-41.1
101.2,6.77,-41.1
101.48,5.9,-41.1
101.57,5.0,-41.1
101.48,4.1,-41.1
101.2,3.23,-41.1
100.74,2.43,-41.1
100.12,1.73,-41.1
99.37,1.16,-41.1
98.52,0.74,-41.1
97.59,0.48,-41.1
84.28,0.39,-41.1
25.72,0.39,-41.1
12.41,0.48,-41.1
11.48,0.74,-41.1
10.63,1.16,-41.1
9.88,1.73,-41.1
9.26,2.43,-41.1
8.8,3.23,-41.1
8.52,4.1,-41.1
8.43,5.0,-41.1
8.52,5.9,-41.1
8.8,6.77,-41.1
9.26,7.57,-41.1
9.88,8.27,-41.1
10.63,8.84,-41.1
11.48,9.26,-41.1
12.41,9.52,-41.1
25.72,9.61,-41.1
84.28,9.61,-41.1
84.28,9.61,-41.6
97.59,9.52,-41.6
98.52,9.26,-41.6
99.37,8.84,-41.6
100.12,8.27,-41.6
100.74,7.57,-41.6
101.2,6.77,-41.6
101.48,5.9,-41.6
101.57,5.0,-41.6
101.48,4.1,-41.6
101.2,3.23,-41.6
100.74,2.43,-41.6
100.12,1.73,-41.6
99.37,1.16,-41.6
98.52,0.74,-41.6
97.59,0.48,-41.6
84.28,0.39,-41.6
25.72,0.39,-41.6
12.41,0.48,-41.6
11.48,0.74,-41.6
10.63,1.16,-41.6
9.88,1.73,-41.6
9.26,2.43,-41.6
8.8,3.23,-41.6
8.52,4.1,-41.6
8.43,5.0,-41.6
8.52,5.9,-41.6
8.8,6.77,-41.6
9.26,7.57,-41.6
9.88,8.27,-41.6
10.63,8.84,-41.6
11.48,9.26,-41.6
12.41,9.52,-41.6
25.72,9.61,-41.6
84.28,9.61,-41.6
84.28,9.61,-42.1
97.59,9.52,-42.1
98.52,9.26,-42.1
99.37,8.84,-42.1
100.12,8.27,-42.1
100.74,7.57,-42.1
101.2,6.77,-42.1
101.48,5.9,-42.1
101.57,5.0,-42.1
101.48,4.1,-42.1
101.2,3.23,-42.1
100.74,2.43,-42.1
100.12,1.73,-42.1
99.37,1.16,-42.1
98.52,0.74,-42.1
97.59,0.48,-42.1
84.28,0.39,-42.1
25.72,0.39,-42.1
12.41,0.48,-42.1
11.48,0.74,-42.1
10.63,1.16,-42.1
9.88,1.73,-42.1
9.26,2.43,-42.1
8.8,3.23,-42.1
8.52,4.1,-42.1
8.43,5.0,-42.1
8.52,5.9,-42.1
8.8,6.77,-42.1
9.26,7.57,-42.1
9.88,8.27,-42.1
10.63,8.84,-42.1
11.48,9.26,-42.1
12.41,9.52,-42.1
25.72,9.61,-42.1
84.28,9.61,-42.1
84.28,9.61,-42.6
97.59,9.52,-42.6
98.52,9.26,-42.6
99.37,8.84,-42.6
100.12,8.27,-42.6
100.74,7.57,-42.6
101.2,6.77,-42.6
101.48,5.9,-42.6
101.57,5.0,-42.6
101.48,4.1,-42.6
101.2,3.23,-42.6
100.74,2.43,-42.6
100.12,1.73,-42.6
99.37,1.16,-42.6
98.52,0.74,-42.6
97.59,0.48,-42.6
84.28,0.39,-42.6
25.72,0.39,-42.6
12.41,0.48,-42.6
11.48,0.74,-42.6
10.63,1.16,-42.6
9.88,1.73,-42.6
9.26,2.43,-42.6
8.8,3.23,-42.6
8.52,4.1,-42.6
8.43,5.0,-42.6
8.52,5.9,-42.6
8.8,6.77,-42.6
9.26,7.57,-42.6
9.88,8.27,-42.6
10.63,8.84,-42.6
11.48,9.26,-42.6
12.41,9.52,-42.6
25.72,9.61,-42.6
84.28,9.61,-42.6
84.28,9.61,-43.1
97.59,9.52,-43.1
98.52,9.26,-43.1
99.37,8.84,-43.1
100.12,8.27,-43.1
100.74,7.57,-43.1
101.2,6.77,-43.1
101.48,5.9,-43.1
101.57,5.0,-43.1
101.48,4.1,-43.1
101.2,3.23,-43.1
100.74,2.43,-43.1
100.12,1.73,-43.1
99.37,1.16,-43.1
98.52,0.74,-43.1
97.59,0.48,-43.1
84.28,0.39,-43.1
25.72,0.39,-43.1
12.41,0.48,-43.1
11.48,0.74,-43.1
10.63,1.16,-43.1
9.88,1.73,-43.1
9.26,2.43,-43.1
8.8,3.23,-43.1
8.52,4.1,-43.1
8.43,5.0,-43.1
8.52,5.9,-43.1
8.8,6.77,-43.1
9.26,7.57,-43.1
9.88,8.27,-43.1
10.63,8.84,-43.1
11.48,9.26,-43.1
12.41,9.52,-43.1
25.72,9.61,-43.1
84.28,9.61,-43.1
84.28,9.61,-43.6
97.59,9.52,-43.6
98.52,9.26,-43.6
99.37,8.84,-43.6
100.12,8.27,-43.6
100.74,7.57,-43.6
101.2,6.77,-43.6
101.48,5.9,-43.6
101.57,5.0,-43.6
101.48,4.1,-43.6
101.2,3.23,-43.6
100.74,2.43,-43.6
100.12,1.73,-43.6
99.37,1.16,-43.6
98.52,0.74,-43.6
97.59,0.48,-43.6
84.28,0.39,-43.6
25.72,0.39,-43.6
12.41,0.48,-43.6
11.48,0.74,-43.6
10.63,1.16,-43.6
9.88,1.73,-43.6
9.26,2.43,-43.6
8.8,3.23,-43.6
8.52,4.1,-43.6
8.43,5.0,-43.6
8.52,5.9,-43.6
8.8,6.77,-43.6
9.26,7.57,-43.6
9.88,8.27,-43.6
10.63,8.84,-43.6
11.48,9.26,-43.6
12.41,9.52,-43.6
25.72,9.61,-43.6
84.28,9.61,-43.6
84.28,9.61,-44.1
97.59,9.52,-44.1
98.52,9.26,-44.1
99.37,8.84,-44.1
100.12,8.27,-44.1
100.74,7.57,-44.1
101.2,6.77,-44.1
101.48,5.9,-44.1
101.57,5.0,-44.1
101.48,4.1,-44.1
101.2,3.23,-44.1
100.74,2.43,-44.1
100.12,1.73,-44.1
99.37,1.16,-44.1
98.52,0.74,-44.1
97.59,0.48,-44.1
84.28,0.39,-44.1
25.72,0.39,-44.1
12.41,0.48,-44.1
11.48,0.74,-44.1
10.63,1.16,-44.1
9.88,1.73,-44.1
9.26,2.43,-44.1
8.8,3.23,-44.1
8.52,4.1,-44.1
8.43,5.0,-44.1
8.52,5.9,-44.1
8.8,6.77,-44.1
9.26,7.57,-44.1
9.88,8.27,-44.1
10.63,8.84,-44.1
11.48,9.26,-44.1
12.41,9.52,-44.1
25.72,9.61,-44.1
84.28,9.61,-44.1
84.28,9.61,-44.6
97.59,9.52,-44.6
98.52,9.26,-44.6
99.37,8.84,-44.6
100.12,8.27,-44.6
100.74,7.57,-44.6
101.2,6.77,-44.6
101.48,5.9,-44.6
101.57,5.0,-44.6
101.48,4.1,-44.6
101.2,3.23,-44.6
100.74,2.43,-44.6
100.12,1.73,-44.6
99.37,1.16,-44.6
98.52,0.74,-44.6
97.59,0.48,-44.6
84.28,0.39,-44.6
25.72,0.39,-44.6
12.41,0.48,-44.6
11.48,0.74,-44.6
10.63,1.16,-44.6
9.88,1.73,-44.6
9.26,2.43,-44.6
8.8,3.23,-44.6
8.52,4.1,-44.6
8.43,5.0,-44.6
8.52,5.9,-44.6
8.8,6.77,-44.6
9.26,7.57,-44.6
9.88,8.27,-44.6
10.63,8.84,-44.6
11.48,9.26,-44.6
12.41,9.52,-44.6
25.72,9.61,-44.6
84.28,9.61,-44.6
84.28,9.61,-45.1
97.59,9.52,-45.1
98.52,9.26,-45.1
99.37,8.84,-45.1
100.12,8.27,-45.1
100.74,7.57,-45.1
101.2,6.77,-45.1
101.48,5.9,-45.1
101.57,5.0,-45.1
101.48,4.1,-45.1
101.2,3.23,-45.1
100.74,2.43,-45.1
100.12,1.73,-45.1
99.37,1.16,-45.1
98.52,0.74,-45.1
97.59,0.48,-45.1
84.28,0.39,-45.1
25.72,0.39,-45.1
12.41,0.48,-45.1
11.48,0.74,-45.1
10.63,1.16,-45.1
9.88,1.73,-45.1
9.26,2.43,-45.1
8.8,3.23,-45.1
8.52,4.1,-45.1
8.43,5.0,-45.1
8.52,5.9,-45.1
8.8,6.77,-45.1
9.26,7.57,-45.1
9.88,8.27,-45.1
10.63,8.84,-45.1
11.48,9.26,-45.1
12.41,9.52,-45.1
25.72,9.61,-45.1
84.28,9.61,-45.1
84.28,9.61,-45.6
97.59,9.52,-45.6
98.52,9.26,-45.6
99.37,8.84,-45.6
100.12,8.27,-45.6
100.74,7.57,-45.6
101.2,6.77,-45.6
101.48,5.9,-45.6
101.57,5.0,-45.6
101.48,4.1,-45.6
101.2,3.23,-45.6
100.74,2.43,-45.6
100.12,1.73,-45.6
99.37,1.16,-45.6
98.52,0.74,-45.6
97.59,0.48,-45.6
84.28,0.39,-45.6
25.72,0.39,-45.6
12.41,0.48,-45.6
11.48,0.74,-45.6
10.63,1.16,-45.6
9.88,1.73,-45.6
9.26,2.43,-45.6
8.8,3.23,-45.6
8.52,4.1,-45.6
8.43,5.0,-45.6
8.52,5.9,-45.6
8.8,6.77,-45.6
9.26,7.57,-45.6
9.88,8.27,-45.6
10.63,8.84,-45.6
11.48,9.26,-45.6
12.41,9.52,-45.6
25.72,9.61,-45.6
84.28,9.61,-45.6
84.28,9.61,-46.1
97.59,9.52,-46.1
98.52,9.26,-46.1
99.37,8.84,-46.1
100.12,8.27,-46.1
100.74,7.57,-46.1
101.2,6.77,-46.1
101.48,5.9,-46.1
101.57,5.0,-46.1
101.48,4.1,-46.1
101.2,3.23,-46.1
100.74,2.43,-46.1
100.12,1.73,-46.1
99.37,1.16,-46.1
98.52,0.74,-46.1
97.59,0.48,-46.1
84.28,0.39,-46.1
25.72,0.39,-46.1
12.41,0.48,-46.1
11.48,0.74,-46.1
10.63,1.16,-46.1
9.88,1.73,-46.1
9.26,2.43,-46.1
8.8,3.23,-46.1
8.52,4.1,-46.1
8.43,5.0,-46.1
8.52,5.9,-46.1
8.8,6.77,-46.1
9.26,7.57,-46.1
9.88,8.27,-46.1
10.63,8.84,-46.1
11.48,9.26,-46.1
12.41,9.52,-46.1
25.72,9.61,-46.1
84.28,9.61,-46.1
84.28,9.61,-46.6
97.59,9.52,-46.6
98.52,9.26,-46.6
99.37,8.84,-46.6
100.12,8.27,-46.6
100.74,7.57,-46.6
101.2,6.77,-46.6
101.48,5.9,-46.6
101.57,5.0,-46.6
101.48,4.1,-46.6
101.2,3.23,-46.6
100.74,2.43,-46.6
100.12,1.73,-46.6
99.37,1.16,-46.6
98.52,0.74,-46.6
97.59,0.48,-46.6
84.28,0.39,-46.6
25.72,0.39,-46.6
12.41,0.48,-46.6
11.48,0.74,-46.6
10.63,1.16,-46.6
9.88,1.73,-46.6
9.26,2.43,-46.6
8.8,3.23,-46.6
8.52,4.1,-46.6
8.43,5.0,-46.6
8.52,5.9,-46.6
8.8,6.77,-46.6
9.26,7.57,-46.6
9.88,8.27,-46.6
10.63,8.84,-46.6
11.48,9.26,-46.6
12.41,9.52,-46.6
25.72,9.61,-46.6
84.28,9.61,-46.6
84.28,9.61,-47.1
97.59,9.52,-47.1
98.52,9.26,-47.1
99.37,8.84,-47.1
100.12,8.27,-47.1
100.74,7.57,-47.1
101.2,6.77,-47.1
101.48,5.9,-47.1
101.57,5.0,-47.1
101.48,4.1,-47.1
101.2,3.23,-47.1
100.74,2.43,-47.1
100.12,1.73,-47.1
99.37,1.16,-47.1
98.52,0.74,-47.1
97.59,0.48,-47.1
84.28,0.39,-47.1
25.72,0.39,-47.1
12.41,0.48,-47.1
11.48,0.74,-47.1
10.63,1.16,-47.1
9.88,1.73,-47.1
9.26,2.43,-47.1
8.8,3.23,-47.1
8.52,4.1,-47.1
8.43,5.0,-47.1
8.52,5.9,-47.1
8.8,6.77,-47.1
9.26,7.57,-47.1
9.88,8.27,-47.1
10.63,8.84,-47.1
11.48,9.26,-47.1
12.41,9.52,-47.1
25.72,9.61,-47.1
84.28,9.61,-47.1
84.28,9.61,-47.6
97.59,9.52,-47.6
98.52,9.26,-47.6
99.37,8.84,-47.6
100.12,8.27,-47.6
100.74,7.57,-47.6
101.2,6.77,-47.6
101.48,5.9,-47.6
101.57,5.0,-47.6
101.48,4.1,-47.6
101.2,3.23,-47.6
100.74,2.43,-47.6
100.12,1.73,-47.6
99.37,1.16,-47.6
98.52,0.74,-47.6
97.59,0.48,-47.6
84.28,0.39,-47.6
25.72,0.39,-47.6
12.41,0.48,-47.6
11.48,0.74,-47.6
10.63,1.16,-47.6
9.88,1.73,-47.6
9.26,2.43,-47.6
8.8,3.23,-47.6
8.52,4.1,-47.6
8.43,5.0,-47.6
8.52,5.9,-47.6
8.8,6.77,-47.6
9.26,7.57,-47.6
9.88,8.27,-47.6
10.63,8.84,-47.6
11.48,9.26,-47.6
12.41,9.52,-47.6
25.72,9.61,-47.6
84.28,9.61,-47.6
84.28,9.61,-48.1
97.59,9.52,-48.1
98.52,9.26,-48.1
99.37,8.84,-48.1
100.12,8.27,-48.1
100.74,7.57,-48.1
101.2,6.77,-48.1
101.48,5.9,-48.1
101.57,5.0,-48.1
101.48,4.1,-48.1
101.2,3.23,-48.1
100.74,2.43,-48.1
100.12,1.73,-48.1
99.37,1.16,-48.1
98.52,0.74,-48.1
97.59,0.48,-48.1
84.28,0.39,-48.1
25.72,0.39,-48.1
12.41,0.48,-48.1
11.48,0.74,-48.1
10.63,1.16,-48.1
9.88,1.73,-48.1
9.26,2.43,-48.1
8.8,3.23,-48.1
8.52,4.1,-48.1
8.43,5.0,-48.1
8.52,5.9,-48.1
8.8,6.77,-48.1
9.26,7.57,-48.1
9.88,8.27,-48.1
10.63,8.84,-48.1
11.48,9.26,-48.1
12.41,9.52,-48.1
25.72,9.61,-48.1
84.28,9.61,-48.1
84.28,9.61,-48.6
97.59,9.52,-48.6
98.52,9.26,-48.6
99.37,8.84,-48.6
100.12,8.27,-48.6
100.74,7.57,-48.6
101.2,6.77,-48.6
101.48,5.9,-48.6
101.57,5.0,-48.6
101.48,4.1,-48.6
101.2,3.23,-48.6
100.74,2.43,-48.6
100.12,1.73,-48.6
99.37,1.16,-48.6
98.52,0.74,-48.6
97.59,0.48,-48.6
84.28,0.39,-48.6
25.72,0.39,-48.6
12.41,0.48,-48.6
11.48,0.74,-48.6
10.63,1.16,-48.6
9.88,1.73,-48.6
9.26,2.43,-48.6
8.8,3.23,-48.6
8.52,4.1,-48.6
8.43,5.0,-48.6
8.52,5.9,-48.6
8.8,6.77,-48.6
9.26,7.57,-48.6
9.88,8.27,-48.6
10.63,8.84,-48.6
11.48,9.26,-48.6
12.41,9.52,-48.6
25.72,9.61,-48.6
84.28,9.61,-48.6
84.28,9.61,-49.1
97.59,9.52,-49.1
98.52,9.26,-49.1
99.37,8.84,-49.1
100.12,8.27,-49.1
100.74,7.57,-49.1
101.2,6.77,-49.1
101.48,5.9,-49.1
101.57,5.0,-49.1
101.48,4.1,-49.1
101.2,3.23,-49.1
100.74,2.43,-49.1
100.12,1.73,-49.1
99.37,1.16,-49.1
98.52,0.74,-49.1
97.59,0.48,-49.1
84.28,0.39,-49.1
25.72,0.39,-49.1
12.41,0.48,-49.1
11.48,0.74,-49.1
10.63,1.16,-49.1
9.88,1.73,-49.1
9.26,2.43,-49.1
8.8,3.23,-49.1
8.52,4.1,-49.1
8.43,5.0,-49.1
8.52,5.9,-49.1
8.8,6.77,-49.1
9.26,7.57,-49.1
9.88,8.27,-49.1
10.63,8.84,-49.1
11.48,9.26,-49.1
12.41,9.52,-49.1
25.72,9.61,-49.1
84.28,9.61,-49.1
84.28,9.61,-49.6
97.59,9.52,-49.6
98.52,9.26,-49.6
99.37,8.84,-49.6
100.12,8.27,-49.6
100.74,7.57,-49.6
101.2,6.77,-49.6
101.48,5.9,-49.6
101.57,5.0,-49.6
101.48,4.1,-49.6
101.2,3.23,-49.6
100.74,2.43,-49.6
100.12,1.73,-49.6
99.37,1.16,-49.6
98.52,0.74,-49.6
97.59,0.48,-49.6
84.28,0.39,-49.6
25.72,0.39,-49.6
12.41,0.48,-49.6
11.48,0.74,-49.6
10.63,1.16,-49.6
9.88,1.73,-49.6
9.26,2.43,-49.6
8.8,3.23,-49.6
8.52,4.1,-49.6
8.43,5.0,-49.6
8.52,5.9,-49.6
8.8,6.77,-49.6
9.26,7.57,-49.6
9.88,8.27,-49.6
10.63,8.84,-49.6
11.48,9.26,-49.6
12.41,9.52,-49.6
25.72,9.61,-49.6
84.28,9.61,-49.6
84.28,9.61,-50.1
97.59,9.52,-50.1
98.52,9.26,-50.1
99.37,8.84,-50.1
100.12,8.27,-50.1
100.74,7.57,-50.1
101.2,6.77,-50.1
101.48,5.9,-50.1
101.57,5.0,-50.1
101.48,4.1,-50.1
101.2,3.23,-50.1
100.74,2.43,-50.1
100.12,1.73,-50.1
99.37,1.16,-50.1
98.52,0.74,-50.1
97.59,0.48,-50.1
84.28,0.39,-50.1
25.72,0.39,-50.1
12.41,0.48,-50.1
11.48,0.74,-50.1
10.63,1.16,-50.1
9.88,1.73,-50.1
9.26,2.43,-50.1
8.8,3.23,-50.1
8.52,4.1,-50.1
8.43,5.0,-50.1
8.52,5.9,-50.1
8.8,6.77,-50.1
9.26,7.57,-50.1
9.88,8.27,-50.1
10.63,8.84,-50.1
11.48,9.26,-50.1
12.41,9.52,-50.1
25.72,9.61,-50.1
84.28,9.61,-50.1
84.21,9.62,-50.6
97.14,9.6,-50.6
97.66,9.52,-50.6
98.16,9.4,-50.6
98.65,9.23,-50.6
99.12,9.01,-50.6
99.61,8.7,-50.6
100.16,8.25,-50.6
100.62,7.75,-50.6
100.93,7.33,-50.6
101.17,6.87,-50.6
101.36,6.4,-50.6
101.49,5.94,-50.6
101.57,5.47,-50.6
101.59,5.0,-50.6
101.57,4.54,-50.6
101.49,4.07,-50.6
101.36,3.61,-50.6
101.18,3.14,-50.6
100.92,2.67,-50.6
100.59,2.2,-50.6
100.12,1.72,-50.6
99.57,1.27,-50.6
99.11,0.99,-50.6
98.65,0.77,-50.6
98.16,0.6,-50.6
97.66,0.48,-50.6
97.14,0.4,-50.6
84.21,0.38,-50.6
25.79,0.38,-50.6
12.86,0.4,-50.6
12.34,0.48,-50.6
11.84,0.6,-50.6
11.35,0.77,-50.6
10.88,0.99,-50.6
10.38,1.31,-50.6
9.83,1.75,-50.6
9.38,2.25,-50.6
9.07,2.68,-50.6
8.82,3.14,-50.6
8.64,3.61,-50.6
8.51,4.07,-50.6
8.43,4.54,-50.6
8.41,5.0,-50.6
8.43,5.47,-50.6
8.51,5.94,-50.6
8.64,6.4,-50.6
8.83,6.87,-50.6
9.08,7.33,-50.6
9.42,7.8,-50.6
9.88,8.29,-50.6
10.43,8.73,-50.6
10.89,9.01,-50.6
11.35,9.23,-50.6
11.84,9.4,-50.6
12.34,9.52,-50.6
12.86,9.6,-50.6
25.79,9.62,-50.6
84.21,9.62,-50.6
